epoch,time,train/box_loss,train/cls_loss,train/dfl_loss,metrics/precision(B),metrics/recall(B),metrics/mAP50(B),metrics/mAP50-95(B),val/box_loss,val/cls_loss,val/dfl_loss,lr/pg0,lr/pg1,lr/pg2,lr/pg3,lr/pg4,lr/pg5,lr/pg6,lr/pg7
1,62.0567,1.28037,1.49422,0.00219,0.93334,0.77074,0.90309,0.75665,0.7046,0.62389,0.00158,0.00165736,0.000552455,0.00165736,0.000552455,0.00165736,0.000552455,0.00165736,0.000552455
2,114.556,1.0958,1.25776,0.00188,0.93787,0.82426,0.92671,0.79029,0.64321,0.54858,0.00142,0.00319272,0.00106424,0.00319272,0.00106424,0.00319272,0.00106424,0.00319272,0.00106424
3,165.16,1.0277,1.16563,0.00172,0.90756,0.85281,0.92444,0.76753,0.73564,0.54692,0.00169,0.00459605,0.00153202,0.00459605,0.00153202,0.00459605,0.00153202,0.00459605,0.00153202
4,215.724,0.99562,1.07255,0.00168,0.91284,0.8537,0.92079,0.78656,0.63838,0.56675,0.0014,0.00440688,0.00146896,0.00440688,0.00146896,0.00440688,0.00146896,0.00440688,0.00146896
